'tween,r,2
a.d.,r,2
a.k.a.,r,2
a.m.,r,2
aback,r,2.2
abaft,r,2
abaxially,r,2
abeam,r,2
abed,r,2
abjectly,r,2
ably,r,2
abnormally,r,2
aboard,r,"2,2,2,2"
abominably,r,2.2
aborad,r,2
abortively,r,2
about,r,"2,2,2,2,2,2,2"
above,r,2.2
aboveboard,r,2
abreast,r,2
abroad,r,"2,2,2"
abruptly,r,2
absently,r,2
absentmindedly,r,2
absolutely,r,2.2
abstemiously,r,2
abstractedly,r,2
abstractly,r,2
abstrusely,r,2
absurdly,r,2
abundantly,r,2
abusively,r,2
abysmally,r,2
academically,r,2
accelerando,r,2
acceptably,r,2
accidentally,r,"2,2,2"
accommodatingly,r,2
accordingly,r,2.2
accurately,r,2.2
accusingly,r,2
acoustically,r,2
across,r,2.2
actively,r,2
actually,r,"2,2,2,2"
acutely,r,"2,2,2,2"
ad,r,2
adagio,r,2
adamantly,r,2
adaxially,r,2
additionally,r,2
adequately,r,2
adjectivally,r,2
adjectively,r,2
administratively,r,2
admirably,r,2
admiringly,r,2
admittedly,r,2
adorably,r,2
adoringly,r,2
adrift,r,2.2
adroitly,r,2
adulterously,r,2
advantageously,r,2
adverbially,r,2
adversely,r,2
advertently,r,2
advisedly,r,2
aerially,r,2
aesthetically,r,2
afar,r,2
affably,r,2
affectedly,r,2
affectingly,r,2
affectionately,r,2
affirmatively,r,2
afield,r,"2,2,2"
afoot,r,2
afresh,r,2
aft,r,2
after,r,2.2
afterward,r,2
afterwards,r,2
again,r,2
aggravatingly,r,2
aggressively,r,2
agilely,r,2
ago,r,2
agonizingly,r,2
agreeably,r,2
aground,r,2
ahead,r,"2,2,2,2,2,2,2"
ahorse,r,2
ahorseback,r,2
aimlessly,r,2
airily,r,2
akimbo,r,2
alarmingly,r,2
alas,r,2
alee,r,2
alertly,r,2
alfresco,r,2
algebraically,r,2
alias,r,2
alike,r,2.2
all,r,2
all-fired,r,2
all-firedly,r,2
allegedly,r,2
allegorically,r,2
allegretto,r,2
allegro,r,2
alliteratively,r,2
allowably,r,2
almost,r,2
aloft,r,"2,2,2,2"
alone,r,2.2
along,r,"2,2,2,2,2"
alongside,r,2
aloof,r,2
aloud,r,2.2
alphabetically,r,2
already,r,2
alright,r,"2,2,2"
also,r,2
alternately,r,2
alternatively,r,2
altogether,r,"2,2,2"
altruistically,r,2
always,r,"2,2,2,2,2"
amain,r,2.2
amateurishly,r,2
amazingly,r,2
ambiguously,r,2
ambitiously,r,2
amiably,r,2
amicably,r,2
amidship,r,2.2
amidships,r,2
amiss,r,"2,2,2"
amok,r,2.2
amorally,r,2
amorously,r,2
amply,r,2.2
amuck,r,2.2
amusingly,r,2
anachronistically,r,2
analogously,r,2
analytically,r,2
anarchically,r,2
anatomically,r,2
anciently,r,2
andante,r,2
anew,r,2
angelically,r,2
angrily,r,2
animatedly,r,2
anisotropically,r,2
annoyingly,r,2
annually,r,2.2
anomalously,r,2
anon,r,2.2
anonymously,r,2
antagonistically,r,2
antecedently,r,2
anteriorly,r,2
anticlockwise,r,2
antithetically,r,2
anxiously,r,2
any,r,2
anyhow,r,2.2
anymore,r,2
anyplace,r,2
anyway,r,2.2
anyways,r,2
anywhere,r,2
apace,r,2.2
apart,r,"2,2,2,2,2,2"
apathetically,r,2
apiece,r,2
apologetically,r,2
appallingly,r,2
apparently,r,2.2
appealingly,r,2
appositively,r,2
appreciably,r,2
appreciatively,r,2
apprehensively,r,2
appropriately,r,2
approvingly,r,2
approximately,r,2
apropos,r,2.2
aptly,r,2
arbitrarily,r,2
architecturally,r,2
archly,r,2
ardently,r,2
arduously,r,2
arguably,r,2
argumentatively,r,2
aright,r,2
aristocratically,r,2
arithmetically,r,2
around,r,"2,2,2,2,2,2,2,2,2,2"
arrogantly,r,2
artfully,r,"2,2,2"
articulately,r,2.2
artificially,r,2
artistically,r,2
artlessly,r,2.2
as,r,2
asap,r,2
ascetically,r,2
asea,r,2
asexually,r,2
ashamedly,r,2
ashore,r,2
aside,r,"2,2,2,2,2,2"
askance,r,2.2
askew,r,2
aslant,r,2.2
asleep,r,2.2
assertively,r,2
assiduously,r,2
assuredly,r,2
astern,r,"2,2,2"
astonishingly,r,2
astraddle,r,2
astray,r,2.2
astride,r,2.2
astronomically,r,2
astutely,r,2
asunder,r,2
asymmetrically,r,2
asymptotically,r,2
athwart,r,2.2
atonally,r,2
atop,r,2
atrociously,r,2.2
attentively,r,2
attractively,r,2
attributively,r,2
atypically,r,2
audaciously,r,2
audibly,r,2
aurally,r,2
auspiciously,r,2
austerely,r,2
authentically,r,2
authoritatively,r,2
autocratically,r,2.2
automatically,r,2.2
avariciously,r,2
avidly,r,2
avowedly,r,2.2
away,r,"2,2,2,2,2,2,2,2,2,2,2"
awful,r,2
awfully,r,"2,2,2"
awhile,r,2
awkwardly,r,2
awry,r,2.2
axially,r,2
axiomatically,r,2
b.c.,r,2
b.c.e.,r,2
baby-like,r,2
baby-wise,r,2
back,r,"2,2,2,2,2,2"
backstage,r,2.2
backward,r,"2,2,2"
backwards,r,2.2
bacterially,r,2
bad,r,2.2
badly,r,"2,2,2,2,2,2,2,2,2,2"
baldly,r,2
balefully,r,2
balmily,r,2
banefully,r,2
bang,r,2
bannerlike,r,2
banteringly,r,2
barbarously,r,2
bareback,r,2
barebacked,r,2
barefacedly,r,2
barefoot,r,2
barefooted,r,2
barely,r,"2,2,2"
basely,r,2
bashfully,r,2
basically,r,2
bawdily,r,2
bc,r,2
bce,r,2
beastly,r,2
beautifully,r,2
becomingly,r,2
befittingly,r,2
before,r,2.2
beforehand,r,2
behind,r,"2,2,2,2,2"
behindhand,r,2
belatedly,r,2
believably,r,2.2
believingly,r,2
belike,r,2
belligerently,r,2
below,r,"2,2,2,2"
beneath,r,2
beneficially,r,2
benevolently,r,2
benignantly,r,2
benignly,r,2
beseechingly,r,2
besides,r,2.2
best,r,"2,2,2"
bestially,r,2
betimes,r,2
better,r,2.2
between,r,2.2
betwixt,r,2
bewilderedly,r,2
bewilderingly,r,2
bewitchingly,r,2
beyond,r,"2,2,2"
biannually,r,2
biennially,r,2
big,r,"2,2,2,2"
bilaterally,r,2.2
bilingually,r,2
bimonthly,r,2.2
binaurally,r,2
biochemically,r,2
biologically,r,2
biradially,r,2
bitingly,r,2
bitter,r,2
bitterly,r,"2,2,2"
biweekly,r,2.2
biyearly,r,2.2
blamelessly,r,2
blandly,r,2
blankly,r,2
blasphemously,r,2
blatantly,r,2
bleakly,r,2
blessedly,r,2
blindly,r,2.2
blissfully,r,2
blithely,r,2
bloodily,r,2
bloodlessly,r,2
bloody,r,2
bluffly,r,2
bluntly,r,2
boastfully,r,2
bodily,r,2
boiling,r,2
boisterously,r,2
boldly,r,2
bolt,r,2.2
bombastically,r,2.2
bonnily,r,2
boorishly,r,2
boringly,r,2
boundlessly,r,2
bounteously,r,2
bountifully,r,2
boyishly,r,2
boylike,r,2
brashly,r,2
bravely,r,2
brazenly,r,2
breadthways,r,2
breadthwise,r,2
breast-deep,r,2
breast-high,r,2
breathlessly,r,2
breezily,r,2
briefly,r,2.2
bright,r,2
brightly,r,2
brilliantly,r,2.2
briskly,r,2
broad-mindedly,r,2
broadly,r,2.2
broadside,r,2
broadwise,r,2
brotherly,r,2
brusquely,r,2
brutally,r,2
brutishly,r,2
bumptiously,r,2
buoyantly,r,2
bureaucratically,r,2.2
busily,r,2
but,r,2
buxomly,r,2
by,r,2.2
c.e.,r,2
c.o.d.,r,2
cagily,r,2
cajolingly,r,2
calculatingly,r,2
callously,r,2
calmly,r,2.2
calumniously,r,2
candidly,r,2
cannily,r,2
canonically,r,2
cantankerously,r,2
cap-a-pie,r,2
capably,r,2
capriciously,r,2.2
captiously,r,2
captivatingly,r,2
carefully,r,2.2
carelessly,r,"2,2,2"
carnally,r,2
casually,r,2.2
catalytically,r,2
catastrophically,r,2
categorically,r,2
caudal,r,2
caudally,r,2
causally,r,2
caustically,r,2
cautiously,r,2.2
cavalierly,r,2
ce,r,2
ceaselessly,r,2
centennially,r,2
centrally,r,2
cerebrally,r,2.2
ceremonially,r,2.2
ceremoniously,r,2
certainly,r,2
cf,r,2
cf.,r,2
chaotically,r,2.2
characteristically,r,2
charily,r,2
charitably,r,2
charmingly,r,2
chastely,r,2
chattily,r,2
cheaply,r,"2,2,2"
cheekily,r,2
cheerfully,r,2
cheerily,r,2
cheerlessly,r,2
chemically,r,2.2
chiefly,r,2
childishly,r,2
chintzily,r,2
chirpily,r,2
chivalrously,r,2
chock,r,2
chock-a-block,r,2
chop-chop,r,2
chorally,r,2
chromatically,r,2
chromatographically,r,2
chronically,r,2.2
chronologically,r,2
churlishly,r,2
circularly,r,2
circumspectly,r,2
circumstantially,r,"2,2,2,2"
civilly,r,2
clammily,r,2
clamorously,r,2
clannishly,r,2
classically,r,2
clean,r,2.2
cleanly,r,2.2
clear,r,2.2
clearly,r,"2,2,2,2"
cleverly,r,2
climatically,r,2
clinically,r,2
cliquishly,r,2
clockwise,r,2
close,r,2.2
closely,r,"2,2,2"
closer,r,2
closest,r,2
cloyingly,r,2
clumsily,r,2
coarsely,r,2
coastward,r,2
coastwise,r,2
coaxingly,r,2
cod,r,2
cognitively,r,2
coherently,r,2
coincidentally,r,2
coincidently,r,2
cold-bloodedly,r,2
coldly,r,2
collect,r,2
collectedly,r,2
collectively,r,2
colloidally,r,2
colloquially,r,2
combatively,r,2
comfortably,r,"2,2,2"
comfortingly,r,2
comically,r,2
commendable,r,2
commensally,r,2
commercially,r,2
commonly,r,2
communally,r,2
compactly,r,"2,2,2"
comparably,r,2
comparatively,r,2
compassionately,r,2
compatibly,r,2
competently,r,2
competitively,r,2
complacently,r,2
complainingly,r,2
completely,r,2.2
complexly,r,2
composedly,r,2
comprehensively,r,2
compulsively,r,2
compulsorily,r,2
computationally,r,2
con,r,2
concavely,r,2
conceitedly,r,2
conceivably,r,2
conceptually,r,2
concernedly,r,2
concisely,r,2
conclusively,r,2
concretely,r,2
concurrently,r,2
condescendingly,r,2
conditionally,r,2
confessedly,r,2
confidentially,r,2
confidently,r,2
confidingly,r,2
conformably,r,2
confoundedly,r,2
confusedly,r,2
confusingly,r,2
congenially,r,2
conically,r,2
conjecturally,r,2
conjointly,r,2
conjugally,r,2
connubial,r,2
conscientiously,r,2
consciously,r,2
consecutive,r,2
consecutively,r,2
consequentially,r,2
consequently,r,2.2
conservatively,r,2
considerably,r,2
considerately,r,2
consistently,r,2
consolingly,r,2
conspicuously,r,2.2
constantly,r,2.2
constitutionally,r,2
constrainedly,r,2
constructively,r,2
contagiously,r,2
contemporaneously,r,2
contemptibly,r,2
contemptuously,r,2
contentedly,r,2
contextually,r,2
continually,r,2
continuously,r,2.2
contractually,r,2
contradictorily,r,2
contrarily,r,2.2
contrariwise,r,"2,2,2"
contrastingly,r,2
contritely,r,2
controversially,r,2
contumaciously,r,2
contumeliously,r,2
conveniently,r,2
conventionally,r,2
conversationally,r,2
conversely,r,2
convexly,r,2
convincingly,r,2
convivially,r,2
convulsively,r,2
coolly,r,2
cooperatively,r,2
coordinately,r,2
copiously,r,2
coquettishly,r,2
cordially,r,2
correctly,r,2
correspondingly,r,2
corruptedly,r,2
corruptly,r,2
cortically,r,2
cosily,r,2
cosmetically,r,2
coterminously,r,2
counter,r,2
counteractively,r,2
counterclockwise,r,2
counterintuitively,r,2
courageously,r,2
course,r,2
courteously,r,2
covertly,r,2
covetously,r,2.2
coyly,r,2
cozily,r,2
craftily,r,2
crazily,r,2
creakily,r,2
creakingly,r,2
creatively,r,2
credibly,r,2
creditably,r,2
credulously,r,2
criminally,r,2.2
crisply,r,2
crisscross,r,2
critically,r,2
crookedly,r,2
cross-country,r,2.2
cross-legged,r,2
cross-linguistically,r,2
crossly,r,2
crosstown,r,2
crossways,r,2
crosswise,r,2.2
crucially,r,2
crudely,r,2.2
cruelly,r,2.2
crushingly,r,2
cryptically,r,2
cryptographically,r,2
culpably,r,2
culturally,r,2
cumulatively,r,2
cunningly,r,2.2
curiously,r,2.2
currently,r,2
currishly,r,2
cursedly,r,2
cursively,r,2
cursorily,r,2
curtly,r,2
curvaceously,r,2
cussedly,r,2
customarily,r,2
cutely,r,2
cuttingly,r,2
cynically,r,2
cytophotometrically,r,2
cytoplasmically,r,2
daftly,r,2
daily,r,2.2
daintily,r,2.2
damn,r,2
damnably,r,2
damned,r,2
damply,r,2
dandily,r,2
dangerously,r,2
daringly,r,2.2
darkly,r,2.2
dashingly,r,2
dauntingly,r,2
dauntlessly,r,2
daylong,r,2
dazedly,r,2
dazzlingly,r,2
dead,r,2.2
deadly,r,2.2
deadpan,r,2
dear,r,2.2
dearly,r,"2,2,2"
deathly,r,2.2
deceitfully,r,2
deceivingly,r,2
decent,r,2
decently,r,2.2
deceptively,r,2
decidedly,r,2
decipherably,r,2
decisively,r,"2,2,2"
decoratively,r,2
decorously,r,2
deep,r,"2,2,2"
deeply,r,2.2
defectively,r,2
defenceless,r,2
defencelessly,r,2
defenseless,r,2
defenselessly,r,2
defensively,r,2.2
deferentially,r,2.2
defiantly,r,2
definitely,r,2
deftly,r,2.2
dejectedly,r,2
deliberately,r,2.2
delicately,r,2
deliciously,r,2.2
delightedly,r,2
delightfully,r,2
deliriously,r,2.2
delusively,r,2
demandingly,r,2
demeaningly,r,2
dementedly,r,2
democratically,r,2
demoniacally,r,2
demonstrably,r,2
demonstratively,r,2
demurely,r,2
denominationally,r,2
densely,r,2.2
departmentally,r,2
dependably,r,2
deplorably,r,2
deprecatively,r,2
depressingly,r,2
derisively,r,2
derisorily,r,2
descriptively,r,2
deservedly,r,2
designedly,r,2
desolately,r,2
despairingly,r,2
desperately,r,2.2
despicably,r,2
despitefully,r,2
despondently,r,2
destructively,r,2
determinedly,r,2.2
detestably,r,2
detrimentally,r,2
deucedly,r,2
developmentally,r,2
devilish,r,2
devilishly,r,"2,2,2"
deviously,r,2
devotedly,r,2
devoutly,r,2
dexterously,r,2
dextrously,r,2
diabolically,r,2
diagonally,r,2
diagrammatically,r,2
dialectically,r,2
diametrically,r,2
dichotomously,r,2
dictatorially,r,2
didactically,r,2
differentially,r,2
differently,r,2
diffidently,r,2
diffusely,r,2
digitally,r,2.2
digitately,r,2
diligently,r,2
dimly,r,"2,2,2"
dingdong,r,2
dingily,r,2
diplomatically,r,2
direct,r,2
directly,r,"2,2,2,2"
direfully,r,2
dirtily,r,2.2
disadvantageously,r,2
disagreeably,r,2
disappointedly,r,2
disappointingly,r,2
disapprovingly,r,2
disastrously,r,2
disbelievingly,r,2
disconcertingly,r,2
disconsolately,r,2
discontentedly,r,2
discordantly,r,2
discouragingly,r,2
discourteously,r,2
discreditably,r,2
discreetly,r,2
discursively,r,2
disdainfully,r,2.2
disgracefully,r,2
disgustedly,r,2
disgustingly,r,2
dishonestly,r,2
dishonorably,r,"2,2,2"
dishonourably,r,2
disingenuously,r,2
disinterestedly,r,2
disjointedly,r,2
disloyally,r,2
dismally,r,2.2
disobediently,r,2
disparagingly,r,2
dispassionately,r,2
dispiritedly,r,2
displeasingly,r,2
disproportionately,r,2.2
disputatiously,r,2
disquietingly,r,2
disregarding,r,2
disregardless,r,2
disreputably,r,2
disrespectfully,r,2
disruptively,r,2
dissolutely,r,2
distally,r,2
distantly,r,2
distastefully,r,2.2
distinctively,r,2
distinctly,r,"2,2,2"
distractedly,r,2
distressfully,r,2
distressingly,r,2
distributively,r,2.2
distrustfully,r,2
disturbingly,r,2
diversely,r,2
divertingly,r,2
divinely,r,2
dizzily,r,2
doctrinally,r,2
doggedly,r,2
doggo,r,2
dogmatically,r,2
dolce,r,2
dolefully,r,2
doltishly,r,2
domestically,r,2.2
domineeringly,r,2
dorsally,r,2
dorsoventrally,r,2
dottily,r,2
double,r,"2,2,2"
doubly,r,2.2
doubtfully,r,2
doubtless,r,2
doubtlessly,r,2
dourly,r,2
dowdily,r,2
down,r,"2,2,2,2,2,2"
downfield,r,2
downhill,r,2.2
downright,r,2
downriver,r,2
downstage,r,2
downstairs,r,2
downstream,r,2
downtown,r,2
downward,r,2
downwardly,r,2
downwards,r,2
downwind,r,2.2
drably,r,2
draggingly,r,2
dramatically,r,"2,2,2"
drastically,r,2
dreadfully,r,2.2
dreamfully,r,2
dreamily,r,2
drearily,r,2
drily,r,2
drippily,r,2
dripping,r,2
droopingly,r,2
drop-dead,r,2
drowsily,r,2
drunkenly,r,2
dryly,r,2
dubiously,r,2.2
due,r,2
dully,r,2.2
duly,r,2
dumbly,r,2.2
dutifully,r,2
dynamically,r,2
e'en,r,2
e'er,r,2
e.g.,r,2
each,r,2
eagerly,r,2
earlier,r,"2,2,2"
earliest,r,2
early,r,"2,2,2"
earnestly,r,2
easily,r,"2,2,2"
east,r,2
easterly,r,2
eastward,r,2
eastwards,r,2
easy,r,"2,2,2"
ebulliently,r,2
eccentrically,r,2.2
ecclesiastically,r,2
ecologically,r,2
economically,r,"2,2,2"
ecstatically,r,2
edgeways,r,2.2
edgewise,r,2.2
editorially,r,2
educationally,r,2
eerily,r,2
effectively,r,2.2
effectually,r,2
efficaciously,r,2
efficiently,r,2
effortlessly,r,2
effusively,r,2
egotistically,r,2
either,r,2
elaborately,r,2
electrically,r,2
electronically,r,2
electrostatically,r,2
elegantly,r,2.2
elementarily,r,2
eloquently,r,2.2
elsewhere,r,2
embarrassingly,r,2
eminently,r,2
emotionally,r,2.2
emotionlessly,r,2
empathetically,r,2
emphatically,r,2
empirically,r,2
emulously,r,2
enchantingly,r,2
encouragingly,r,2
end-to-end,r,2
endearingly,r,2
endlessly,r,"2,2,2,2"
endogenously,r,2
enduringly,r,2
endways,r,"2,2,2"
endwise,r,"2,2,2"
energetically,r,2
engagingly,r,2
enigmatically,r,2
enjoyably,r,2
enormously,r,2
enough,r,2
enquiringly,r,2
enterprisingly,r,2
entertainingly,r,2
enthrallingly,r,2
enthusiastically,r,2.2
entirely,r,2.2
entreatingly,r,2
enviably,r,2
enviously,r,2
environmentally,r,2
episodically,r,2
equably,r,2
equally,r,2.2
equitably,r,2
equivocally,r,2
erectly,r,2
ergo,r,2
erotically,r,2
erratically,r,2
erroneously,r,2
erst,r,2
erstwhile,r,2
eruditely,r,2
eschatologically,r,2
especially,r,2.2
essentially,r,2
esthetically,r,2
etc.,r,2
etcetera,r,2
eternally,r,2
ethically,r,2
ethnically,r,2
euphemistically,r,2
evasively,r,2
even,r,"2,2,2,2"
evenhandedly,r,2
evenly,r,2.2
eventually,r,2
ever,r,"2,2,2"
everlastingly,r,2
evermore,r,2.2
everyplace,r,2
everywhere,r,2
evidently,r,2
evilly,r,2
evolutionarily,r,2
exactly,r,"2,2,2"
exaggeratedly,r,2
exasperatingly,r,2
exceedingly,r,2
excellently,r,2
exceptionally,r,2
excessively,r,2
excitedly,r,2
excitingly,r,2
exclusively,r,2
excruciatingly,r,2
excusably,r,2
exhaustively,r,2
exorbitantly,r,2
expansively,r,2.2
expectantly,r,2
expediently,r,2
expeditiously,r,2
expensively,r,2
experimentally,r,2
expertly,r,2
explicitly,r,2
explosively,r,2.2
exponentially,r,2
express,r,2
expressively,r,2
expressly,r,2
exquisitely,r,2
extemporaneously,r,2
extemporarily,r,2
extempore,r,2
extensively,r,2
externally,r,2.2
extortionately,r,2
extra,r,2
extraordinarily,r,2
extravagantly,r,"2,2,2"
extremely,r,2.2
exuberantly,r,2.2
exultantly,r,2
exultingly,r,2
fabulously,r,2
face-to-face,r,2.2
facetiously,r,2
facially,r,2
factually,r,2
faddily,r,2
faddishly,r,2
fain,r,2
faintly,r,2
fair,r,2.2
fairly,r,"2,2,2"
faithfully,r,2
faithlessly,r,2
FALSE,r,2
falsely,r,2.2
falteringly,r,2
familiarly,r,2
famously,r,2.2
fanatically,r,2
fancifully,r,2
fantastically,r,2
far,r,"2,2,2,2,2"
farcically,r,2
farther,r,2.2
farthest,r,2.2
fascinatingly,r,2
fashionably,r,2
fast,r,2.2
faster,r,2
fastest,r,2
fastidiously,r,2.2
fatally,r,2
fatefully,r,2
fatuously,r,2
faultily,r,2
faultlessly,r,2
favorably,r,2
favourably,r,2
fearfully,r,2.2
fearlessly,r,2
fearsomely,r,2
feasibly,r,2
fecklessly,r,2.2
federally,r,2
feebly,r,2.2
feelingly,r,2
feetfirst,r,2
felicitously,r,2
ferociously,r,2
fervently,r,2
fervidly,r,2
feudally,r,2
feverishly,r,2
fictitiously,r,2.2
fiendishly,r,2
fiercely,r,2.2
fierily,r,2
fifthly,r,2
figuratively,r,2
filthily,r,2
finally,r,"2,2,2"
financially,r,2
fine,r,2.2
finely,r,"2,2,2"
finitely,r,2
firm,r,2
firmly,r,"2,2,2"
first,r,"2,2,2,2"
first-rate,r,2
firsthand,r,2
firstly,r,2
fiscally,r,2
fishily,r,2
fitfully,r,2
fitly,r,2
fittingly,r,2
fixedly,r,2
flabbily,r,2
flagrantly,r,2
flamboyantly,r,2
flashily,r,2.2
flat,r,2.2
flatly,r,2
flawlessly,r,2
fleetly,r,2
flexibly,r,2
flimsily,r,2
flip-flap,r,2
flippantly,r,2
flirtatiously,r,2
flop,r,2.2
floridly,r,2
fluently,r,2
flush,r,2.2
focally,r,2
fondly,r,2
foolishly,r,2
forbiddingly,r,2
forcefully,r,2
forcibly,r,2
fore,r,2
foremost,r,2.2
forever,r,"2,2,2"
forevermore,r,2
forgetfully,r,2
forgivably,r,2
forgivingly,r,2
forlornly,r,2
formally,r,2.2
formerly,r,2
formidably,r,2
formlessly,r,2
forrad,r,2
forrader,r,2
forrard,r,2
forsooth,r,2
forte,r,2
forth,r,"2,2,2"
forthright,r,2
forthrightly,r,2
forthwith,r,2
fortissimo,r,2
fortnightly,r,2
fortuitously,r,2
fortunately,r,2
forward,r,"2,2,2,2,2"
forwards,r,2.2
foully,r,2.2
fourfold,r,2
foursquare,r,2.2
fourth,r,2
fourthly,r,2
foxily,r,2
fractiously,r,2.2
frankly,r,2
frantically,r,2
fraternally,r,2
fraudulently,r,2
freakishly,r,2
free,r,2
freely,r,2
frenetically,r,2
frenziedly,r,2
frequently,r,2
fresh,r,2
freshly,r,2.2
fretfully,r,2
frighteningly,r,2
frightfully,r,2
frigidly,r,2
friskily,r,2
frivolously,r,2
frontally,r,2
frontward,r,2
frontwards,r,2
frostily,r,2
frothily,r,2
frowningly,r,2
frugally,r,2
fruitfully,r,2
fruitlessly,r,2
frumpily,r,2
frumpishly,r,2
fucking,r,2
fugally,r,2
full,r,2
full-time,r,2
fully,r,"2,2,2"
fulsomely,r,2
functionally,r,2
fundamentally,r,2
funnily,r,2
furiously,r,"2,2,2"
further,r,"2,2,2"
furthermore,r,2
furthest,r,2.2
furtively,r,2
fussily,r,2
futilely,r,2
gaily,r,2
gainfully,r,2
gainlessly,r,2
gallantly,r,2
gamely,r,2
garishly,r,2
garrulously,r,2
gaudily,r,2
gayly,r,2
genealogically,r,2
generally,r,"2,2,2"
generically,r,2.2
generously,r,2
genetically,r,2
genially,r,2
genteelly,r,2
gently,r,"2,2,2"
genuinely,r,2.2
geographically,r,2
geologically,r,2
geometrically,r,2.2
geothermally,r,2
gibingly,r,2
giddily,r,2
gingerly,r,2
girlishly,r,2
glacially,r,2
gladly,r,2
glaringly,r,2
gleefully,r,2
glibly,r,2
glissando,r,2
gloatingly,r,2
globally,r,2.2
gloomily,r,2
gloriously,r,2.2
glossily,r,2
gloweringly,r,2
glowingly,r,2
glumly,r,2
gluttonously,r,2
goddam,r,2
goddamn,r,2
goddamned,r,2
good,r,2.2
good-naturedly,r,2
gorgeously,r,2
governmentally,r,2
gracefully,r,2.2
gracelessly,r,2.2
graciously,r,2
gradually,r,2
grammatically,r,2
grandiloquently,r,2
grandiosely,r,2
grandly,r,2
graphically,r,"2,2,2"
gratefully,r,2.2
gratifyingly,r,2
gratingly,r,2
gratis,r,2
gratuitously,r,2
gravely,r,2.2
gravitationally,r,2
grayly,r,2
greasily,r,2
greatly,r,2
greedily,r,2
greenly,r,2
gregariously,r,2
greyly,r,2
grievously,r,2
grimly,r,2
gropingly,r,2
grossly,r,2
grotesquely,r,2
grouchily,r,2
grubbily,r,2
grudgingly,r,2
gruesomely,r,2
gruffly,r,2
grumpily,r,2
grungily,r,2
guardedly,r,2
guiltily,r,2
gushingly,r,2
gutturally,r,2
habitually,r,2
haggardly,r,2
half,r,2
half-and-half,r,2
half-heartedly,r,2
half-hourly,r,2
half-price,r,2
half-time,r,2
half-yearly,r,2
halfway,r,2
haltingly,r,2
handily,r,2.2
handsomely,r,2.2
haphazard,r,2
haphazardly,r,2.2
haply,r,2
happily,r,2.2
haptically,r,2
hard,r,"2,2,2,2,2,2,2,2,2,2"
hardly,r,"2,2,2"
harmfully,r,2
harmlessly,r,2
harmonically,r,2
harmoniously,r,2
harshly,r,2.2
harum-scarum,r,2
hastily,r,2
hatefully,r,2
haughtily,r,2
hazardously,r,2
hazily,r,2.2
head-on,r,2.2
head-to-head,r,2
headfirst,r,2
headlong,r,"2,2,2"
healthily,r,2
heaps,r,2
heartily,r,2.2
heartlessly,r,2
heatedly,r,2
heavenward,r,2
heavenwardly,r,2
heavenwards,r,2
heavily,r,"2,2,2,2,2,2,2"
heavy,r,2
hebdomadally,r,2
hectically,r,2
heedfully,r,2
heedlessly,r,2
heinously,r,2
hell-for-leather,r,2
hellishly,r,2
helpfully,r,2
helplessly,r,2
helter-skelter,r,2
hence,r,"2,2,2"
henceforth,r,2
henceforward,r,2
here,r,"2,2,2,2"
hereabout,r,2
hereabouts,r,2
hereafter,r,"2,2,2"
hereby,r,2
herein,r,2
hereinafter,r,2
hereinbefore,r,2
hereof,r,2
hereto,r,2
heretofore,r,2
hereunder,r,2.2
hereupon,r,2
herewith,r,2
hermetically,r,2
heroically,r,2
hesitantly,r,2
hesitatingly,r,2
hideously,r,2
hierarchically,r,2
hieroglyphically,r,2
higgledy-piggledy,r,2
high,r,"2,2,2,2"
high-handedly,r,2
high-mindedly,r,2
highly,r,"2,2,2"
hilariously,r,2
hinderingly,r,2
histologically,r,2
historically,r,2.2
hither,r,2
hitherto,r,2
hoarsely,r,2
hollowly,r,2
home,r,"2,2,2"
homeostatically,r,2
homeward,r,2
homewards,r,2
homogeneously,r,2
honestly,r,2.2
honorably,r,2.2
honourably,r,2
hopefully,r,2.2
hopelessly,r,"2,2,2"
horizontally,r,2
horribly,r,2
horridly,r,2
horrifyingly,r,2
horseback,r,2
horticulturally,r,2
hospitably,r,2
hostilely,r,2
hotfoot,r,2
hotly,r,2
hourly,r,2
however,r,"2,2,2,2"
huffily,r,2
hugely,r,2
hugger-mugger,r,2
humanely,r,2
humanly,r,2
humbly,r,2.2
humiliatingly,r,2
humorlessly,r,2
humorously,r,2
humourlessly,r,2
hundredfold,r,2
hungrily,r,2
hurridly,r,2
hurriedly,r,2
huskily,r,2
hydraulically,r,2
hydraulicly,r,2
hygienically,r,2
hyperbolically,r,2
hypnotically,r,2
hypocritically,r,2
hypothalamically,r,2
hypothetically,r,2
hysterically,r,2
i.e.,r,2
ib.,r,2
ibid.,r,2
ibidem,r,2
icily,r,2
ideally,r,2
identically,r,2
identifiably,r,2
ideographically,r,2
ideologically,r,2
idiomatically,r,2
idiotically,r,2
idly,r,2
idolatrously,r,2
idyllically,r,2
ie,r,2
ignobly,r,2
ignominiously,r,2
ignorantly,r,2
ill,r,"2,2,2"
illegally,r,2
illegibly,r,2
illegitimately,r,2.2
illiberally,r,2
illicitly,r,2.2
illogically,r,2
illustriously,r,2
imaginatively,r,2
immaculately,r,2
immaturely,r,2
immeasurably,r,2.2
immediately,r,"2,2,2"
immensely,r,2
imminently,r,2
immoderately,r,2.2
immodestly,r,2
immorally,r,2
immovably,r,2
immunologically,r,2
immutably,r,2
impalpably,r,2
impartially,r,2
impassively,r,2
impatiently,r,2
impeccably,r,2
impenitently,r,2
imperatively,r,2
imperceptibly,r,2
imperfectly,r,2
imperially,r,2
imperiously,r,2
impermissibly,r,2
impersonally,r,2.2
impertinently,r,2
impetuously,r,2
impiously,r,2
impishly,r,2
implausibly,r,2
implicitly,r,2.2
imploringly,r,2
impolitely,r,2
importantly,r,2.2
importunately,r,2
imposingly,r,2
impossibly,r,2
impotently,r,2
impracticably,r,2
imprecisely,r,2
impregnably,r,2
impressively,r,2
improbably,r,2
impromptu,r,2
improperly,r,2
improvidently,r,2
imprudently,r,2
impudently,r,2
impulsively,r,2
in,r,2
inaccessibly,r,2
inaccurately,r,2
inadequately,r,2
inadvertently,r,2
inadvisably,r,2
inalienably,r,2
inanely,r,2
inappropriately,r,2
inarguably,r,2
inarticulately,r,2.2
inattentively,r,2
inaudibly,r,2
inaugurally,r,2
inauspiciously,r,2
incautiously,r,2
incessantly,r,2.2
incestuously,r,2
incidentally,r,2.2
incisively,r,2.2
incognito,r,2
incoherently,r,2
incomparably,r,2
incompatibly,r,2
incompetently,r,2
incompletely,r,2
inconceivably,r,2
inconclusively,r,2
incongruously,r,2
inconsequentially,r,2
inconsequently,r,2
inconsiderately,r,2
inconsistently,r,2
inconspicuously,r,2
incontrovertibly,r,2
inconveniently,r,2
incorrectly,r,2.2
incorrigibly,r,2
increasingly,r,2
incredibly,r,2.2
incredulously,r,2
incriminatingly,r,2
incurably,r,2.2
indecently,r,2
indecisively,r,2.2
indecorously,r,2
indeed,r,2.2
indefatigably,r,2
indefinitely,r,2
indelibly,r,2
independently,r,2.2
indescribably,r,2
indeterminably,r,2
indifferently,r,2
indigenously,r,2
indignantly,r,2
indirectly,r,2
indiscreetly,r,2
indiscriminately,r,2.2
indistinctly,r,2
individualistically,r,2
individually,r,2
indolently,r,2
indoors,r,2
indubitably,r,2
indulgently,r,2
industrially,r,2
industriously,r,2
ineffably,r,2
ineffectively,r,2
ineffectually,r,2
inefficaciously,r,2
inefficiently,r,2
inelegantly,r,2
ineloquently,r,2
ineluctably,r,2
ineptly,r,2.2
inequitably,r,2
inescapably,r,2
inevitably,r,2.2
inexactly,r,2
inexcusably,r,2.2
inexhaustibly,r,2
inexorably,r,2
inexpediently,r,2
inexpensively,r,2.2
inexpertly,r,2
inexplicably,r,2
inexpressibly,r,2
inexpressively,r,2
inextricably,r,2
infectiously,r,2
infelicitously,r,2
infernally,r,2
infinitely,r,2.2
inflexibly,r,2
influentially,r,2
informally,r,2.2
informatively,r,2
infra,r,2
infrequently,r,2
ingeniously,r,2
ingenuously,r,2
ingloriously,r,2
ingratiatingly,r,2
inherently,r,2
inhospitably,r,2
inhumanely,r,2
inimitably,r,2
iniquitously,r,2
initially,r,2
injudiciously,r,2
injuriously,r,2
inland,r,2
innately,r,2
innocently,r,2.2
inoffensively,r,2
inopportunely,r,2
inordinately,r,2
inorganically,r,2
inquiringly,r,2
inquisitively,r,2
insanely,r,2.2
insatiably,r,2.2
inscriptively,r,2
inscrutably,r,2
insecticidally,r,2
insecurely,r,2.2
insensately,r,2
insensibly,r,2
insensitively,r,2
inseparably,r,2
inshore,r,2
inside,r,"2,2,2,2"
insidiously,r,2
insignificantly,r,2.2
insincerely,r,2
insinuatingly,r,2
insipidly,r,2
insistently,r,2
insofar,r,2
insolently,r,2
insomuch,r,2
inspirationally,r,2
instantaneously,r,2
instantly,r,2.2
instead,r,2.2
instinctively,r,2
institutionally,r,2
instructively,r,2
insubstantially,r,2
insufferably,r,2.2
insufficiently,r,2
insultingly,r,2.2
insuperably,r,2
integrally,r,2
intellectually,r,2
intelligently,r,2
intelligibly,r,2
intemperately,r,2
intensely,r,2.2
intensively,r,2
intentionally,r,2
intently,r,2
interchangeably,r,2
interdepartmental,r,2
interestingly,r,2
intermediately,r,2
interminably,r,2
intermittently,r,2
internally,r,2
internationally,r,2
interracially,r,2
interrogatively,r,2.2
intimately,r,2.2
intolerably,r,2
intolerantly,r,2.2
intractably,r,2
intradermally,r,2
intramuscularly,r,2
intransitively,r,2
intravenously,r,2
intrepidly,r,2
intricately,r,2
intrinsically,r,2
intuitively,r,2
invariably,r,2
inventively,r,2
inversely,r,2
inveterate,r,2
invidiously,r,2
invincibly,r,2
invisibly,r,2
invitingly,r,2
involuntarily,r,2
inward,r,2.2
inwardly,r,2
inwards,r,2.2
irately,r,2
ironically,r,2.2
irrationally,r,2
irregardless,r,2
irregularly,r,"2,2,2,2"
irrelevantly,r,2
irreparably,r,2
irreproachably,r,2
irresistibly,r,2
irresolutely,r,2
irrespective,r,2
irresponsibly,r,2
irretrievably,r,2
irreverently,r,2.2
irreversibly,r,2
irrevocably,r,2
irritably,r,2.2
irritatingly,r,2
isotropically,r,2
item,r,2
jaggedly,r,2
jarringly,r,2
jauntily,r,2
jealously,r,2.2
jeeringly,r,2
jejunely,r,2
jerkily,r,2.2
jestingly,r,2
jocosely,r,2
jocular,r,2
jointly,r,2.2
jokingly,r,2.2
jolly,r,2
journalistically,r,2
jovially,r,2
joyfully,r,2
joylessly,r,2
joyously,r,2
jubilantly,r,2
judicially,r,2.2
judiciously,r,2
jurisprudentially,r,2
just,r,"2,2,2,2,2,2,2,2"
justifiably,r,2
justifiedly,r,2
justly,r,2.2
keenly,r,2
killingly,r,2
kinaesthetically,r,2
kinda,r,2
kindly,r,2
kinesthetically,r,2
knavishly,r,2
knee-deep,r,2
knee-high,r,2
knowingly,r,2
laboriously,r,2
lackadaisically,r,2
laconically,r,2
lamely,r,2
lamentably,r,2
landward,r,2
landwards,r,2
langsyne,r,2
languidly,r,2
languorously,r,2
large,r,"2,2,2"
largely,r,2.2
largo,r,2
lasciviously,r,2
last,r,2.2
lastingly,r,2
lastly,r,2
late,r,"2,2,2,2"
lately,r,2
later,r,"2,2,2"
laterally,r,2.2
latterly,r,2
laudably,r,2
laughably,r,2
laughingly,r,2
lavishly,r,2.2
lawfully,r,2.2
lawlessly,r,2
laxly,r,2
lazily,r,2.2
learnedly,r,2
least,r,2
leastways,r,2
leastwise,r,2
leeward,r,2
left,r,2
legally,r,2.2
legato,r,2
legibly,r,2
legislatively,r,2
legitimately,r,2.2
leisurely,r,2
lengthily,r,2
lengthways,r,2
lengthwise,r,2
leniently,r,2
lento,r,2
less,r,2.2
lethargically,r,2
lewdly,r,2
lexically,r,2
liberally,r,2.2
licentiously,r,2
licitly,r,2
lief,r,2
lifelessly,r,"2,2,2"
light,r,2
light-handedly,r,2
light-headedly,r,2
light-heartedly,r,2
lightly,r,"2,2,2,2,2,2,2"
lightsomely,r,2.2
likely,r,2
likewise,r,"2,2,2"
limitedly,r,2
limnologically,r,2
limpidly,r,2
limply,r,2
lineally,r,2
linearly,r,2
lingeringly,r,2
lingually,r,2
linguistically,r,2.2
lispingly,r,2
listlessly,r,2
literally,r,2.2
literatim,r,2
little,r,2
live,r,2
lividly,r,2
locally,r,2.2
loftily,r,2
logarithmically,r,2
logically,r,2.2
logogrammatically,r,2
long,r,2.2
long-windedly,r,2
longer,r,2
longest,r,2
longingly,r,2
longitudinally,r,"2,2,2"
longways,r,2
longwise,r,2
loose,r,2
loosely,r,"2,2,2,2"
lopsidedly,r,2
loquaciously,r,2
lots,r,2
loud,r,2
loudly,r,"2,2,2"
lovingly,r,2
low,r,2
loweringly,r,2
lowest,r,2
loyally,r,2
lucidly,r,2
luckily,r,2
ludicrously,r,2
lugubriously,r,2
lukewarmly,r,2
luridly,r,2
lusciously,r,2
lustfully,r,2
lustily,r,2
luxuriantly,r,2.2
luxuriously,r,2.2
lyrically,r,2
macroscopically,r,2
madly,r,"2,2,2"
magically,r,2
magisterially,r,2.2
magnanimously,r,2
magnetically,r,2.2
magnificently,r,2.2
magniloquently,r,2
mainly,r,2
majestically,r,2
maladroitly,r,2
malapropos,r,2
malevolently,r,2
maliciously,r,2
malignantly,r,2
malignly,r,2
man-to-man,r,2
manageably,r,2
managerially,r,2
mandatorily,r,2
manfully,r,2
mangily,r,2
maniacally,r,2
manifestly,r,2
manipulatively,r,2
manly,r,2
manually,r,2
marginally,r,2
markedly,r,2
martially,r,2
marvellously,r,2
marvelously,r,2
masochistically,r,2
massively,r,2
masterfully,r,2
materialistically,r,2
materially,r,2.2
maternally,r,2
mathematically,r,2
matrilineally,r,2
maturely,r,2
mawkishly,r,2
maximally,r,2
maybe,r,2
mayhap,r,2
meagerly,r,2
meagrely,r,2
meanderingly,r,2
meaningfully,r,2
meanly,r,"2,2,2,2"
meanspiritedly,r,2
meantime,r,2
meanwhile,r,2.2
measurably,r,2
measuredly,r,2
mechanically,r,2.2
mechanistically,r,2
medially,r,2
medically,r,2
medicinally,r,2
meditatively,r,2
meekly,r,2.2
mellow,r,2
mellowingly,r,2
mellowly,r,2
melodically,r,2
melodiously,r,2
melodramatically,r,2.2
memorably,r,2
menacingly,r,2
mendaciously,r,2
menially,r,2
mentally,r,2
mercifully,r,2
mercilessly,r,2
merely,r,2
meretriciously,r,2
meritoriously,r,2
merrily,r,2
messily,r,2
metabolically,r,2
metaphorically,r,2
metaphysically,r,2
meteorologically,r,2
methodically,r,2
methodologically,r,2
meticulously,r,2
metonymically,r,2
metrically,r,2
microscopically,r,2.2
middling,r,2
midmost,r,2
midships,r,2
midway,r,2
midweek,r,2
mightily,r,2.2
mighty,r,2
mildly,r,2.2
militarily,r,2
millionfold,r,2
mincingly,r,2
mindfully,r,2
mindlessly,r,2.2
minimally,r,2
ministerially,r,2
minutely,r,2
miraculously,r,2
mirthfully,r,2
mischievously,r,2
miserably,r,2
misleadingly,r,2
mistakenly,r,2
mistily,r,2.2
mistrustfully,r,2
mockingly,r,2.2
moderately,r,2.2
modestly,r,2
modishly,r,2
moistly,r,2
molto,r,2
momentarily,r,2.2
momently,r,2.2
momentously,r,2
monaurally,r,2
monolingually,r,2
monosyllabically,r,2
monotonously,r,2
monstrously,r,"2,2,2"
monthly,r,2
moodily,r,2
moonily,r,2
morally,r,2.2
morbidly,r,2
mordaciously,r,2
more,r,2.2
moreover,r,2
morosely,r,2
morphologically,r,2
mortally,r,2
most,r,"2,2,2"
mostly,r,2.2
motherly,r,2
motionlessly,r,2
mournfully,r,2
movingly,r,2
much,r,"2,2,2,2,2"
mulishly,r,2
multifariously,r,2
multilaterally,r,2
multiplicatively,r,2
multiply,r,2
mundanely,r,2.2
municipally,r,2
munificently,r,2
murderously,r,2.2
murkily,r,2.2
musically,r,2
musicologically,r,2
musingly,r,2
mutely,r,2
mutually,r,2
mysteriously,r,2
mystically,r,2
naively,r,2
nakedly,r,2.2
namely,r,2
narrow-mindedly,r,2
narrowly,r,2
nasally,r,2
nastily,r,2
nationally,r,2.2
nationwide,r,2
nattily,r,2
naturally,r,"2,2,2,2"
naughtily,r,2
nay,r,2
ne'er,r,2
near,r,2.2
nearby,r,2
nearer,r,2
nearest,r,2
nearly,r,2.2
neatly,r,2
nebulously,r,2
necessarily,r,"2,2,2"
needfully,r,2
needlessly,r,2
needs,r,2
nefariously,r,2
negatively,r,2.2
neglectfully,r,2
negligently,r,2
nervelessly,r,2
nervily,r,2
nervously,r,2.2
neurobiological,r,2
neurotically,r,2
never,r,2.2
nevermore,r,2
nevertheless,r,2
new,r,2
newly,r,2
next,r,2
nicely,r,2
nigh,r,2.2
nigher,r,2
nighest,r,2
nightly,r,2
nimbly,r,2
ninefold,r,2
no,r,"2,2,2"
nobly,r,2
nocturnally,r,2
nohow,r,2
noiselessly,r,2
noisily,r,2
nominally,r,2
non,r,2
non-verbally,r,2
nonchalantly,r,2.2
noncompetitively,r,2
noncomprehensively,r,2
none,r,2
nonetheless,r,2
nonlexically,r,2
nonspecifically,r,2
nonstop,r,2
nonverbally,r,2
nonviolently,r,2
nor'-east,r,2
nor'-nor'-east,r,2
nor'-nor'-west,r,2
nor'-west,r,2
normally,r,2
north,r,2
north-east,r,2
north-northeast,r,2
north-northwest,r,2
north-west,r,2
northeast,r,2
northeastward,r,2
northeastwardly,r,2
northerly,r,2
northward,r,2
northwards,r,2
northwest,r,2
northwestward,r,2
northwestwardly,r,2
nostalgically,r,2
not,r,2
notably,r,2.2
nothing,r,2
noticeably,r,2
notoriously,r,2
notwithstanding,r,2
now,r,"2,2,2,2,2,2,2"
nowadays,r,2
nowhere,r,2
nowise,r,2
noxiously,r,2
numbly,r,2
numerically,r,2
nutritionally,r,2
nuttily,r,2
o'clock,r,2
o'er,r,2
o.k.,r,2
obdurately,r,2
obediently,r,2
objectionably,r,2
objectively,r,2
obligatorily,r,2.2
obligingly,r,2
obliquely,r,2.2
obnoxiously,r,2
obscenely,r,2.2
obscurely,r,2
obsequiously,r,2
observably,r,2
observantly,r,2
observingly,r,2
obsessionally,r,2
obsessively,r,2
obstinately,r,2
obstreperously,r,2
obstructively,r,2
obtrusively,r,2
obtusely,r,2
obviously,r,2
occasionally,r,2
oddly,r,2.2
odiously,r,2
off,r,"2,2,2"
off-hand,r,2
off-the-clock,r,2
offensively,r,"2,2,2"
offhand,r,2.2
offhanded,r,2.2
offhandedly,r,2.2
officially,r,2.2
officiously,r,2
offshore,r,2
offside,r,2
offstage,r,2.2
oft,r,2
often,r,"2,2,2"
oftener,r,2
oftentimes,r,2
ofttimes,r,2
ok,r,2
okay,r,2
ominously,r,2
on,r,"2,2,2"
once,r,"2,2,2"
one-on-one,r,2
one-sidedly,r,2
onerously,r,2
only,r,"2,2,2,2,2,2,2"
onshore,r,2
onstage,r,2
onward,r,2.2
onwards,r,2
opaquely,r,2
openly,r,2
operationally,r,2
operatively,r,2
opportunely,r,2
opposite,r,2
oppositely,r,2
oppressively,r,2
optically,r,2
optimally,r,2
optimistically,r,2
optionally,r,2
opulently,r,2
orad,r,2
orally,r,2.2
ordinarily,r,2
organically,r,"2,2,2"
organizationally,r,2
originally,r,"2,2,2"
ornamentally,r,2
ornately,r,2
osmotically,r,2
ostensibly,r,2
ostentatiously,r,2
otherwise,r,2.2
out,r,"2,2,2"
outdoors,r,2
outlandishly,r,2
outrageously,r,2.2
outright,r,"2,2,2"
outside,r,2.2
outspokenly,r,2
outstandingly,r,2
outward,r,2
outwardly,r,2.2
outwards,r,2
over,r,"2,2,2,2,2"
overbearingly,r,2
overboard,r,2.2
overhead,r,2.2
overleaf,r,2
overly,r,2
overmuch,r,2
overnight,r,2.2
overpoweringly,r,2
oversea,r,2
overseas,r,2.2
overside,r,2
overtime,r,2
overtly,r,2
overwhelmingly,r,2
owlishly,r,2
p.a.,r,2
p.m.,r,2
pacifically,r,2
pacifistically,r,2
painfully,r,2.2
painlessly,r,2
painstakingly,r,2
palatably,r,2
palely,r,2.2
pallidly,r,2
palmately,r,2
palpably,r,2
paradoxically,r,2
parasitically,r,2
pardonably,r,2
parentally,r,2
parenterally,r,2
parenthetically,r,2
parochially,r,2
part,r,2
part-time,r,2
partially,r,2
particularly,r,"2,2,2"
partly,r,2
parttime,r,2
passably,r,2
passim,r,2
passing,r,2
passionately,r,2.2
passively,r,2
past,r,2
pat,r,2
patchily,r,2
patently,r,2
paternally,r,2
pathetically,r,2.2
pathogenically,r,2
pathologically,r,2
patiently,r,2
patrilineally,r,2
patriotically,r,2
patronisingly,r,2
patronizingly,r,2
peaceably,r,2
peacefully,r,2
peculiarly,r,"2,2,2"
pedagogically,r,2
pedantically,r,2
peevishly,r,2
pejoratively,r,2
pell-mell,r,2
pellucidly,r,2
penally,r,2
penetratingly,r,2
penetratively,r,2
penitentially,r,2
penitently,r,2
pensively,r,2
penuriously,r,2
peradventure,r,2
perceptibly,r,2
perceptively,r,2
perceptually,r,2
perchance,r,2.2
peremptorily,r,2
perennially,r,2
perfectly,r,2.2
perfidiously,r,2
perforce,r,2
perfunctorily,r,2
perhaps,r,2
perilously,r,2
periodically,r,2
peripherally,r,2
perkily,r,2
permanently,r,2
permissibly,r,2
permissively,r,2
perniciously,r,2.2
perpendicularly,r,2.2
perpetually,r,2.2
perplexedly,r,2
perseveringly,r,2
persistently,r,2.2
person-to-person,r,2
personally,r,"2,2,2,2,2"
perspicuously,r,2
persuasively,r,2
pertinaciously,r,2
pertinently,r,2
pertly,r,2
pervasively,r,2
perversely,r,2.2
pessimistically,r,2
pettily,r,2
pettishly,r,2
petulantly,r,2
pharmacologically,r,2
phenomenally,r,2
philanthropically,r,2
philatelically,r,2
philosophically,r,2.2
phlegmatically,r,2
phonemic,r,2
phonemically,r,2
phonetically,r,2
photoelectrically,r,2
photographically,r,2
photometrically,r,2
phylogenetically,r,2
physically,r,2
physiologically,r,2
pianissimo,r,2
piano,r,2
pickaback,r,2.2
pictorially,r,2
picturesquely,r,2
piecemeal,r,2
piercingly,r,2.2
pig-a-back,r,2.2
pig-headedly,r,2
piggishly,r,2
piggyback,r,2.2
pinnately,r,2
piously,r,2
piping,r,2
piquantly,r,2
piratically,r,2
pit-a-pat,r,2.2
piteously,r,2
pithily,r,2
pitiably,r,2
pitifully,r,2
pitilessly,r,2
pitter-patter,r,2.2
pitty-pat,r,2.2
pitty-patty,r,2.2
pityingly,r,2
pizzicato,r,2
placatingly,r,2
placidly,r,2.2
plaguey,r,2
plaguily,r,2
plaguy,r,2
plain,r,2
plainly,r,2.2
plaintively,r,2
plastically,r,2
plausibly,r,2
playfully,r,2
pleadingly,r,2
pleasantly,r,2.2
please,r,2
pleasingly,r,2
pleasurably,r,2
plenarily,r,2
plenteously,r,2
plentifully,r,2
plenty,r,2
ploddingly,r,2
plop,r,2
pluckily,r,2
plum,r,2.2
plumb,r,"2,2,2"
plump,r,2
plunk,r,2
pneumatically,r,2
poetically,r,2
poignantly,r,2
point-blank,r,2
pointedly,r,2
pointlessly,r,2
poisonously,r,2
polemically,r,2
politely,r,2
politically,r,2.2
polygonally,r,2
polyphonically,r,2
polysyllabically,r,2
pompously,r,2
ponderously,r,2.2
poorly,r,2
pop,r,2
popishly,r,2
popularly,r,2
pornographically,r,2
portentously,r,2
positively,r,2.2
possessively,r,2
possibly,r,2.2
post-free,r,2
post-haste,r,2
post-paid,r,2
posthumously,r,2
postoperatively,r,2
potentially,r,2
potently,r,2
poutingly,r,2
powerful,r,2
powerfully,r,2.2
powerlessly,r,2
practicably,r,2
practically,r,"2,2,2"
pragmatically,r,2
praiseworthily,r,2
pre-eminently,r,2
precariously,r,2
precedentedly,r,2
precious,r,2
preciously,r,2
precipitately,r,2
precipitously,r,2.2
precisely,r,"2,2,2"
precociously,r,2
predicatively,r,2
predictably,r,2
predominantly,r,2
preeminently,r,2
preferably,r,2
preferentially,r,2
prematurely,r,2.2
preponderantly,r,2
prepositionally,r,2
preposterously,r,2
presciently,r,2
presentably,r,2
presently,r,2.2
presidentially,r,2
pressingly,r,2
prestissimo,r,2
presto,r,2.2
presumably,r,2
presumptively,r,2
presumptuously,r,2
pretentiously,r,2
preternaturally,r,2
prettily,r,2
pretty,r,2
previously,r,2
priggishly,r,2
primarily,r,2.2
primitively,r,2.2
primly,r,2
principally,r,2
prissily,r,2
privately,r,2.2
privily,r,2
prn,r,2
pro,r,2
probabilistically,r,2
probably,r,2.2
problematically,r,2
prodigally,r,2
prodigiously,r,2
productively,r,2
profanely,r,2.2
professedly,r,2.2
professionally,r,2
professorially,r,2
proficiently,r,2
profitably,r,2
profitlessly,r,2
profligately,r,2
profoundly,r,2
profusely,r,2
progressively,r,2
prohibitively,r,2
prominently,r,2
promiscuously,r,2.2
promisingly,r,2
promptly,r,"2,2,2"
pronto,r,2
properly,r,"2,2,2"
prophetically,r,2
propitiously,r,2
proportionally,r,2
proportionately,r,"2,2,2"
prosaically,r,2
prosily,r,2
prosperously,r,2
protectively,r,2
protractedly,r,2
proudly,r,2
provably,r,2
proverbially,r,2
providentially,r,"2,2,2"
providently,r,2
provincially,r,2
provisionally,r,2
provocatively,r,2
provokingly,r,2
prudently,r,2
prudishly,r,2
pruriently,r,2
pryingly,r,2
psychically,r,2
psychologically,r,2.2
publically,r,2
publicly,r,2.2
puckishly,r,2
pugnaciously,r,2
punctiliously,r,2
punctually,r,2
pungently,r,2.2
punily,r,2
punishingly,r,2
punitively,r,2
punitorily,r,2
purely,r,2
puritanically,r,2
purportedly,r,2
purposefully,r,2
purposelessly,r,2
purposely,r,2
pusillanimously,r,2
pyramidically,r,2
quaintly,r,2.2
qualitatively,r,2
quantitatively,r,2
quarterly,r,2.2
quaveringly,r,2
queasily,r,2
queerly,r,2.2
querulously,r,2
questionably,r,2
questioningly,r,2.2
quick,r,2
quicker,r,2
quickest,r,2
quickly,r,"2,2,2"
quiet,r,2
quietly,r,"2,2,2,2"
quite,r,"2,2,2,2"
quixotically,r,2
quizzically,r,2
rabidly,r,2.2
racially,r,2
racily,r,2
radially,r,2
radiantly,r,2
radically,r,2
radioactively,r,2
raffishly,r,2
raggedly,r,"2,2,2"
rakishly,r,2
rallentando,r,2
ramblingly,r,2
rampantly,r,2
randomly,r,2
rapaciously,r,2
rapidly,r,2
rapturously,r,2
rarely,r,2
rashly,r,2
raspingly,r,2
rather,r,"2,2,2,2"
rationally,r,2
rattling,r,2
raucously,r,2.2
ravenously,r,2
raving,r,2
ravingly,r,2
ravishingly,r,2
readably,r,2
readily,r,2.2
real,r,2
realistically,r,2.2
really,r,"2,2,2,2"
rearward,r,2
rearwards,r,2
reasonably,r,2.2
reassuringly,r,2
rebelliously,r,2
rebukingly,r,2
recently,r,2
receptively,r,2
reciprocally,r,"2,2,2"
recklessly,r,2
recognizably,r,2
recurrently,r,2
red-handed,r,2
redly,r,2
reflectively,r,2
reflexively,r,2
reflexly,r,2
refreshfully,r,2
refreshingly,r,2.2
regally,r,2
regardless,r,2
regimentally,r,2
regionally,r,2
regretfully,r,2
regrettably,r,2
regularly,r,"2,2,2"
relatively,r,2
relativistically,r,2
relentlessly,r,2
relevantly,r,2
reliably,r,2
religiously,r,2.2
reluctantly,r,2
remarkably,r,2.2
reminiscently,r,2
remorsefully,r,2
remorselessly,r,2
remotely,r,2.2
rent-free,r,2
repeatedly,r,2
repellently,r,2
repellingly,r,2
repentantly,r,2
repetitively,r,2
reportedly,r,2
reprehensibly,r,2
reprehensively,r,2
reproachfully,r,2
reproducibly,r,2
reprovingly,r,2
repulsively,r,2
reputably,r,2
reputedly,r,2
resentfully,r,2
reservedly,r,2
residentially,r,2
resignedly,r,2.2
resolutely,r,2.2
resoundingly,r,2
resourcefully,r,2
respectably,r,2.2
respectfully,r,2
respectively,r,2
resplendently,r,2
responsibly,r,2
restfully,r,2
restively,r,2
restlessly,r,2
restrictively,r,2
retail,r,2
retentively,r,2
reticently,r,2
retroactively,r,2
retrospectively,r,2
revengefully,r,2
reverentially,r,2
reverently,r,2
reversely,r,2
reversibly,r,2
revoltingly,r,2
rewardingly,r,2
rhapsodically,r,2
rhetorically,r,2
rhythmically,r,2
richly,r,"2,2,2"
ridiculously,r,2
right,r,"2,2,2,2,2,2,2,2,2,2"
right-down,r,2
righteously,r,2
rightfully,r,2
rightly,r,2
rigidly,r,2
rigorously,r,2
riotously,r,2.2
ripely,r,2
riskily,r,2
ritually,r,2
roaring,r,2
robustly,r,2
roguishly,r,2.2
rollickingly,r,2
romantically,r,2.2
roomily,r,2
rotationally,r,2
rottenly,r,2
rotundly,r,2
rough,r,2.2
roughly,r,"2,2,2"
round,r,2
round-arm,r,2
roundly,r,2.2
routinely,r,2
rowdily,r,2
royally,r,2
rudely,r,2
ruefully,r,2
ruggedly,r,2
ruinously,r,2
rurally,r,2
ruthlessly,r,2
sacredly,r,2
sacrilegiously,r,2
sadly,r,"2,2,2"
safely,r,2
sagaciously,r,2
sagely,r,2
salaciously,r,2
sanctimoniously,r,2
sanely,r,2.2
sapiently,r,2
sarcastically,r,2
sardonically,r,2
satirically,r,2
satisfactorily,r,2
satisfyingly,r,2
saucily,r,2
savagely,r,2.2
scandalously,r,2
scantily,r,2
scarce,r,2.2
scarcely,r,2.2
scarily,r,2
scathingly,r,2
scenically,r,2
sceptically,r,2
schematically,r,2
schismatically,r,2
scholastically,r,2
scienter,r,2
scientifically,r,2
scoffingly,r,2
scorching,r,2
scornfully,r,2
scrappily,r,2
screakily,r,2
screamingly,r,2
scrumptiously,r,2
scrupulously,r,2
scurrilously,r,2
scurvily,r,2
searchingly,r,2
seasonably,r,2.2
seasonally,r,2
seaward,r,2
seawards,r,2
second,r,2
second-best,r,2
secondarily,r,2
secondhand,r,2
secondly,r,2
secretively,r,2
secretly,r,2.2
securely,r,"2,2,2,2"
sedately,r,2
seductively,r,2
sedulously,r,2
seemingly,r,2
seldom,r,2
selectively,r,2
self-conceitedly,r,2
self-consciously,r,2
self-evidently,r,2
self-indulgently,r,2
self-righteously,r,2
selfishly,r,2
selflessly,r,2
semantically,r,2
semiannually,r,2
semimonthly,r,2
semiweekly,r,2
sensationally,r,2
senselessly,r,2.2
sensibly,r,2
sensitively,r,2
sensually,r,2
sensuously,r,2
sententiously,r,2
sentimentally,r,2
separably,r,2
separately,r,2
sequentially,r,2
serenely,r,2
serially,r,2
seriatim,r,2
seriously,r,2.2
servilely,r,2
sevenfold,r,2
seventhly,r,2
severally,r,"2,2,2"
severely,r,"2,2,2"
sexually,r,2.2
shabbily,r,2.2
shaggily,r,2
shakily,r,2.2
shallowly,r,2
shambolically,r,2
shamefacedly,r,2
shamefully,r,2
shamelessly,r,2
shapelessly,r,2
sharp,r,2
sharply,r,"2,2,2,2"
sheepishly,r,2
sheer,r,2.2
shiftily,r,2
shockingly,r,"2,2,2"
shoddily,r,2
short,r,"2,2,2,2,2,2,2"
shortly,r,"2,2,2,2,2"
shoulder-to-shoulder,r,2
showily,r,2.2
shrewdly,r,2
shrewishly,r,2
shrilly,r,2
shudderingly,r,2
shyly,r,2
sic,r,2
sickeningly,r,2
sidearm,r,2
sidelong,r,"2,2,2"
sidesaddle,r,2
sidesplittingly,r,2
sideward,r,2
sidewards,r,2
sideway,r,"2,2,2"
sideways,r,"2,2,2,2"
sidewise,r,"2,2,2"
signally,r,2.2
significantly,r,"2,2,2"
silently,r,2
silkily,r,2
similarly,r,2
simperingly,r,2
simply,r,"2,2,2,2"
simultaneously,r,2
sincerely,r,2.2
single-handed,r,2
single-handedly,r,2
single-mindedly,r,2
singly,r,2.2
singularly,r,2
sinuously,r,2
sinusoidally,r,2
sixfold,r,2
sixthly,r,2
skeptically,r,2
sketchily,r,2
skew-whiff,r,2
skilfully,r,2
skillfully,r,2
skimpily,r,2
skittishly,r,2
sky-high,r,"2,2,2"
skyward,r,2
skywards,r,2
slackly,r,2
slam-bang,r,"2,2,2"
slanderously,r,2
slangily,r,2
slantingly,r,2
slantways,r,2
slantwise,r,2
slap,r,2
slap-bang,r,2.2
slapdash,r,2.2
slavishly,r,2
sleekly,r,2
sleepily,r,2
sleeplessly,r,2
slenderly,r,2.2
slickly,r,2
slightingly,r,2
slightly,r,2.2
slimly,r,2
slopingly,r,2
sloppily,r,2
slouchily,r,2
slouchingly,r,2
slow,r,2.2
slower,r,2
slowest,r,2
slowly,r,2.2
sluggishly,r,2
slyly,r,2
smack,r,2
small,r,2
small-mindedly,r,2
smarmily,r,2
smartly,r,"2,2,2"
smash,r,2
smashingly,r,2
smilingly,r,2
smolderingly,r,2
smoothly,r,2.2
smoulderingly,r,2
smugly,r,2
smuttily,r,2
snappishly,r,2
sneakily,r,2
sneakingly,r,2
sneeringly,r,2
snidely,r,2
snobbishly,r,2
snootily,r,2
snugly,r,"2,2,2"
so,r,"2,2,2,2,2,2,2,2,2,2"
so-so,r,2
soaking,r,2
sobbingly,r,2
soberly,r,2
sociably,r,2.2
socially,r,2.2
sociobiologically,r,2
socioeconomically,r,2
sociolinguistically,r,2
sociologically,r,2
soft,r,2
softly,r,"2,2,2,2"
solely,r,2
solemnly,r,2
solicitously,r,2
solidly,r,2.2
solitarily,r,2
solo,r,2
somberly,r,2
sombrely,r,2
some,r,2
someday,r,2
somehow,r,2.2
someplace,r,2
sometime,r,2
sometimes,r,2
someway,r,2
someways,r,2
somewhat,r,2.2
somewhere,r,2
somnolently,r,2
sonorously,r,2
soon,r,2
sooner,r,2.2
soonest,r,2
soothingly,r,2
sopping,r,2
sordidly,r,2
sorely,r,2.2
sorrowfully,r,2.2
sottishly,r,2
sou'-east,r,2
sou'-sou'-east,r,2
sou'-sou'-west,r,2
sou'west,r,2
soughingly,r,2
soulfully,r,2
soullessly,r,2
soundlessly,r,2
soundly,r,2.2
sourly,r,2
south,r,2
south-east,r,2
south-southeast,r,2
south-southwest,r,2
south-west,r,2
southeast,r,2
southeastward,r,2
southeastwardly,r,2
southerly,r,2.2
southward,r,2
southwards,r,2
southwest,r,2
southwestward,r,2
southwestwardly,r,2
spaceward,r,2
spacewards,r,2
spaciously,r,2
sparingly,r,2
sparsely,r,2
spasmodically,r,2.2
spatially,r,2
specially,r,2.2
specifically,r,2
speciously,r,2
spectacularly,r,2
spectrographically,r,2
speculatively,r,2
speechlessly,r,2
speedily,r,2
spherically,r,2
spicily,r,2
spinally,r,2
spirally,r,2
spiritedly,r,2
spiritually,r,2
spitefully,r,2.2
splendidly,r,2.2
spontaneously,r,2.2
spookily,r,2
sporadically,r,2
sportingly,r,2
sportively,r,2
spotlessly,r,2
sprucely,r,2
spuriously,r,2
squalidly,r,2
square,r,"2,2,2"
squarely,r,"2,2,2,2,2"
squeamishly,r,2
stably,r,2.2
staccato,r,2
staggeringly,r,2
stagily,r,2
staidly,r,2
stanchly,r,2
standoffishly,r,2
stark,r,2
starkly,r,"2,2,2"
startlingly,r,2
statistically,r,2
statutorily,r,2
staunchly,r,2
steadfastly,r,2
steadily,r,2.2
steady,r,2
stealthily,r,2
steaming,r,2
steeply,r,2
stepwise,r,2
stereotypically,r,2
sternly,r,2
stertorously,r,2
stickily,r,2
stiff,r,2.2
stiffly,r,2.2
still,r,"2,2,2,2"
stiltedly,r,2
stingily,r,2
stirringly,r,2
stochastically,r,2
stock-still,r,2
stockily,r,2
stodgily,r,2
stoically,r,2
stolidly,r,2
stonily,r,2
stormily,r,2
stoutly,r,2
stragglingly,r,2
straight,r,"2,2,2"
straight-backed,r,2
straightaway,r,2
straightforwardly,r,2
straightway,r,2.2
strangely,r,2
strategically,r,2
strenuously,r,2
strictly,r,"2,2,2"
stridently,r,2
strikingly,r,2
stringently,r,2
strongly,r,2.2
structurally,r,2
stubbornly,r,2
studiously,r,2
stuffily,r,2
stunningly,r,2
stupendously,r,2
stupidly,r,2
sturdily,r,2
stylishly,r,2
stylistically,r,2
suavely,r,2
subconsciously,r,2
subcutaneously,r,2
subjectively,r,2
sublimely,r,2.2
submissively,r,2
subsequently,r,2
subserviently,r,2
substantially,r,2.2
subtly,r,2
successfully,r,2
successively,r,2
succinctly,r,2
such,r,2
suddenly,r,"2,2,2"
sufficiently,r,2
suggestively,r,2
suitably,r,2
sulkily,r,2
sullenly,r,2
sultrily,r,2
summarily,r,2
sumptuously,r,2
sunnily,r,2
super,r,2
superbly,r,2
superciliously,r,2
superficially,r,2
superfluously,r,2
superlatively,r,2
supernaturally,r,2
superstitiously,r,2
supinely,r,2.2
supposedly,r,2
supra,r,2
supremely,r,2
sure,r,2
surely,r,2
surgically,r,2
surlily,r,2
surpassingly,r,2
surprisedly,r,2
surprisingly,r,2.2
surreptitiously,r,2
suspiciously,r,2
sweepingly,r,2
sweet,r,2
sweetly,r,2
swiftly,r,2
swimmingly,r,2
syllabically,r,2
symbiotically,r,2
symbolically,r,2.2
symmetrically,r,2
sympathetically,r,2.2
symptomatically,r,2
synchronously,r,2
synergistically,r,2.2
synonymously,r,2
syntactically,r,2
synthetically,r,2
systematically,r,2
tacitly,r,2
taciturnly,r,2
tactfully,r,2
tactically,r,2
tactlessly,r,2
tactually,r,2
talkatively,r,2
talkily,r,2
tamely,r,2
tandem,r,2
tangentially,r,2
tangibly,r,2
tantalizingly,r,2
tardily,r,2.2
tartly,r,2
tastefully,r,2
tastelessly,r,2
tastily,r,2.2
tattily,r,2
tauntingly,r,2
tautly,r,2
tawdrily,r,2
taxonomically,r,2
tearfully,r,2
teasingly,r,2
technically,r,"2,2,2"
technologically,r,2
tediously,r,2
telegraphically,r,2
telescopically,r,2
tellingly,r,2
temperamentally,r,2
temperately,r,"2,2,2"
temporally,r,2
temporarily,r,2
temptingly,r,2
tenaciously,r,2
tendentiously,r,2
tenderly,r,2
tenfold,r,2
tensely,r,2
tentatively,r,2
tenthly,r,2
tenuously,r,2
tepidly,r,2
terminally,r,2
terrestrially,r,2.2
terribly,r,2.2
terrifically,r,2
territorially,r,2
tersely,r,2
testily,r,2
tetchily,r,2
thankfully,r,2.2
theatrically,r,2.2
thematically,r,2
then,r,"2,2,2"
thence,r,"2,2,2"
thenceforth,r,2
theologically,r,2.2
theoretically,r,2.2
therapeutically,r,2
there,r,"2,2,2"
thereabout,r,2.2
thereabouts,r,2.2
thereafter,r,2
thereby,r,2
therefor,r,2
therefore,r,2.2
therefrom,r,2.2
therein,r,2
thereinafter,r,2
thereof,r,2.2
thereon,r,2
thereto,r,2
theretofore,r,2
therewith,r,2
therewithal,r,2
thermally,r,2
thermodynamically,r,2
thermostatically,r,2
thick,r,2.2
thickly,r,"2,2,2,2,2"
thievishly,r,2
thin,r,2
thinly,r,"2,2,2,2"
third,r,2
thirdhand,r,2
thirdly,r,2
thirstily,r,2.2
thither,r,2
thoroughly,r,2.2
though,r,2
thoughtfully,r,2.2
thoughtlessly,r,2.2
thousand-fold,r,2
threateningly,r,2
threefold,r,2
thrice,r,2
thriftily,r,2
thriftlessly,r,2
through,r,"2,2,2,2,2"
throughout,r,2.2
thus,r,2.2
thusly,r,2
tidily,r,2
tight,r,2.2
tightly,r,2.2
timely,r,2
timidly,r,2
timorously,r,2
tip-top,r,2
tiptoe,r,2
tiredly,r,2
tirelessly,r,2
tiresomely,r,2
today,r,2.2
toe-to-toe,r,2
together,r,"2,2,2,2,2,2"
tolerably,r,2
tolerantly,r,2
tomorrow,r,2
tonelessly,r,2
tongue-in-cheek,r,2.2
tonight,r,2
too,r,2.2
topically,r,2
topographically,r,2
topologically,r,2
toppingly,r,2
topsy-turvily,r,2
topsy-turvy,r,2.2
torpidly,r,2
tortuously,r,2.2
torturously,r,2
totally,r,2
touchily,r,2
touchingly,r,2
toughly,r,2
traditionally,r,2
tragically,r,2
traitorously,r,2
tranquilly,r,2
transcendentally,r,2
transiently,r,2
transitionally,r,2
transitively,r,2
transitorily,r,2
transparently,r,2.2
transversally,r,2
transversely,r,2
treacherously,r,2
treasonably,r,2
tremendously,r,2
tremulously,r,2
trenchantly,r,2
trepidly,r,2
trickily,r,2
trimly,r,2
trippingly,r,2
tritely,r,2
triumphantly,r,2
trivially,r,2.2
tropically,r,2
truculently,r,2.2
TRUE,r,2
truly,r,"2,2,2,2"
trustfully,r,2.2
trustingly,r,2
truthfully,r,2
tumultuously,r,2
tunefully,r,2
tunelessly,r,2
turbulently,r,2.2
turgidly,r,2
tutorially,r,2
twice,r,2.2
twirlingly,r,2
twofold,r,2
typically,r,2
typographically,r,2
ulteriorly,r,2
ultimately,r,2
ultrasonically,r,2
unabashedly,r,2
unacceptably,r,2
unaccompanied,r,2
unaccountably,r,2
unachievably,r,2
unadvisedly,r,2
unalterably,r,2
unambiguously,r,2.2
unambitiously,r,2
unanimously,r,2
unappealingly,r,2
unappreciatively,r,2
unarguably,r,2
unashamedly,r,2
unassailably,r,2
unassertively,r,2
unassumingly,r,2
unattainably,r,2
unattractively,r,2
unavoidably,r,2
unawares,r,"2,2,2"
unbearably,r,2
unbecomingly,r,2
unbeknown,r,2
unbeknownst,r,2
unbelievably,r,2.2
unbelievingly,r,2
unblinkingly,r,2
unblushingly,r,2
uncannily,r,2
unceasingly,r,2
unceremoniously,r,2
uncertainly,r,2.2
unchangeably,r,2
uncharacteristically,r,2
unchivalrously,r,2
uncivilly,r,2
unclearly,r,2
unco,r,2
uncomfortably,r,2
uncommonly,r,2
uncomparably,r,2
uncomplainingly,r,2
uncompromisingly,r,2
unconcernedly,r,2
unconditionally,r,2.2
unconsciously,r,2
unconstitutionally,r,2
uncontrollably,r,2
uncontroversially,r,2
unconventionally,r,2
unconvincingly,r,2
uncouthly,r,2
uncritically,r,2
unctuously,r,2
undecipherably,r,2
undemocratically,r,2
undeniably,r,2
undependably,r,2
under,r,"2,2,2,2,2,2,2,2"
underarm,r,2
underfoot,r,2.2
underground,r,2.2
underhand,r,2.2
underhandedly,r,2
underneath,r,2.2
understandably,r,2
understandingly,r,2
undeservedly,r,2
undesirably,r,2
undiplomatically,r,2
undisputedly,r,2
undoubtedly,r,2
undramatically,r,2
unduly,r,2
uneasily,r,2
unemotionally,r,2
unendingly,r,2
unenergetically,r,2
unenthusiastically,r,2
unequally,r,2
unequivocally,r,2
unerringly,r,2
unethically,r,2
unevenly,r,"2,2,2"
uneventfully,r,2
unexcitingly,r,2
unexpectedly,r,2.2
unfailingly,r,2
unfairly,r,2
unfaithfully,r,2
unfalteringly,r,2
unfashionably,r,2
unfavorably,r,2
unfavourably,r,2
unfeelingly,r,2.2
unfeignedly,r,2
unforgettably,r,2
unforgivably,r,2
unforgivingly,r,2
unfortunately,r,2
ungracefully,r,2
ungraciously,r,2
ungrammatically,r,2
ungratefully,r,2
ungrudgingly,r,2
unhappily,r,2.2
unharmoniously,r,2
unhelpfully,r,2
unhesitatingly,r,2
unhurriedly,r,2
unhygienically,r,2
uniformly,r,2
unilaterally,r,2
unimaginably,r,2
unimaginatively,r,2.2
unimpeachably,r,2
unimpressively,r,2
uninformatively,r,2
uninstructively,r,2
unintelligently,r,2
unintelligibly,r,2
unintentionally,r,2
uninterestingly,r,2
uninterruptedly,r,2
uninvitedly,r,2
uniquely,r,2
unitedly,r,2
universally,r,2
unjustifiably,r,2
unjustly,r,2
unkindly,r,2
unknowingly,r,2
unlawfully,r,2
unluckily,r,2
unmanageably,r,2
unmanfully,r,2
unmanly,r,2
unmelodiously,r,2
unmemorably,r,2
unmercifully,r,2
unmindfully,r,2
unmistakably,r,2.2
unmusically,r,2
unnaturally,r,"2,2,2"
unnecessarily,r,2.2
unnoticeably,r,2
unobtrusively,r,2
unofficially,r,2.2
unoriginally,r,2
unpalatably,r,2
unpardonably,r,2
unpatriotically,r,2
unpleasantly,r,2
unprecedentedly,r,2
unpredictably,r,2
unpretentiously,r,2
unproductively,r,2
unprofitably,r,2.2
unpropitiously,r,2
unqualifiedly,r,2
unquestionably,r,2.2
unquestioningly,r,2
unquietly,r,2
unreadably,r,2
unrealistically,r,2
unreasonably,r,2.2
unreasoningly,r,2
unrecognisable,r,2
unrecognizably,r,2
unrelentingly,r,2
unreliably,r,2
unremarkably,r,2
unrepentantly,r,2
unreproducibly,r,2
unreservedly,r,2
unrestrainedly,r,2
unrighteously,r,2
unromantically,r,2
unsatiably,r,2.2
unsatisfactorily,r,2
unscientifically,r,2
unscrupulously,r,2
unseasonably,r,2
unselfconsciously,r,2
unselfishly,r,2
unsentimentally,r,2
unshakably,r,2
unsmilingly,r,2
unsociably,r,2
unsparingly,r,2
unspeakably,r,2
unsportingly,r,2
unsteadily,r,2
unstintingly,r,2
unsuccessfully,r,2
unsufferably,r,2
unsuitably,r,2
unsuspectingly,r,2
unswervingly,r,2.2
unsymmetrically,r,2
unsympathetically,r,2
unsystematically,r,2
unthinkably,r,2
unthinking,r,2
unthinkingly,r,2
untidily,r,2
untimely,r,2
untruly,r,2
untruthfully,r,2
untypically,r,2
ununderstandably,r,2
unusually,r,2
unutterably,r,2
unwantedly,r,2
unwarily,r,2
unwarrantably,r,2
unwaveringly,r,2
unwillingly,r,2
unwisely,r,2
unwittingly,r,2
unwontedly,r,2
unworthily,r,2
up,r,"2,2,2,2,2"
up-country,r,2
uphill,r,2.2
uppermost,r,2.2
uppishly,r,2
uprightly,r,2.2
upriver,r,2
uproariously,r,2
upstage,r,2
upstairs,r,2.2
upstate,r,2
upstream,r,2
uptown,r,2
upward,r,2.2
upwardly,r,2
upwards,r,2.2
upwind,r,2.2
urbanely,r,2
urgently,r,2
usefully,r,2
uselessly,r,2
usually,r,2
usuriously,r,2
utterly,r,2
uxoriously,r,2
vacantly,r,2
vacuously,r,2
vaguely,r,2
vainly,r,2
valiantly,r,2
validly,r,2
valorously,r,2
vanishingly,r,2
vapidly,r,2
variably,r,2
variously,r,2
vastly,r,2
vauntingly,r,2
vehemently,r,2
venally,r,2
vengefully,r,2
venomously,r,2
ventrally,r,2
verbally,r,2.2
verbatim,r,2
verbosely,r,2
verily,r,2
vertically,r,2
very,r,2.2
vexatiously,r,2
vicariously,r,2
viciously,r,2
victoriously,r,2
videlicet,r,2
vigilantly,r,2
vigorously,r,2
vilely,r,2
vindictively,r,2
violently,r,2
virtually,r,2.2
virtuously,r,2.2
virulently,r,2
vis-a-vis,r,2
viscerally,r,2.2
viscidly,r,2
visibly,r,2.2
visually,r,2
vitally,r,2
vitriolically,r,2
vivace,r,2
vivaciously,r,2
vividly,r,2
viz.,r,2
vocally,r,2
vocationally,r,2
vociferously,r,2
volcanically,r,2
volitionally,r,2
volubly,r,2
volumetrically,r,2
voluminously,r,2
voluntarily,r,2
voluptuously,r,2.2
voraciously,r,2
voyeuristically,r,2
vulgarly,r,2
vulnerably,r,2
wackily,r,2
wafer-thin,r,2
waggishly,r,2
waist-deep,r,2
waist-high,r,2
wanly,r,2
wantonly,r,2.2
warily,r,2
warm,r,2
warmly,r,2.2
wastefully,r,2
watchfully,r,2
way,r,2
weakly,r,2
wealthily,r,2
wearily,r,2
weekly,r,2
weightily,r,2.2
weirdly,r,2
well,r,"2,2,2,2,2,2,2,2,2,2,2,2,2"
well-nigh,r,2
well-timed,r,2
west,r,2
westerly,r,2.2
westward,r,2
westwards,r,2
whacking,r,2
wheezily,r,2
wheezingly,r,2
whence,r,2
wheresoever,r,2
wherever,r,2
whimsically,r,2
whole,r,2
wholeheartedly,r,2
wholesale,r,2.2
wholesomely,r,2
wholly,r,2
whopping,r,2
wickedly,r,2
wide,r,"2,2,2,2"
widely,r,"2,2,2"
wild,r,2.2
wildly,r,"2,2,2"
wilfully,r,2
willfully,r,2
willingly,r,2
willy-nilly,r,2.2
windily,r,2
windward,r,2
winsomely,r,2
wisely,r,2
wishfully,r,2
wistfully,r,2
withal,r,2.2
witheringly,r,2
within,r,2
wittily,r,2
wittingly,r,2
woefully,r,2
wolfishly,r,2
wonderfully,r,2
wonderingly,r,2
wondrous,r,2
wondrously,r,2
woodenly,r,2
wordily,r,2
wordlessly,r,2
worriedly,r,2
worryingly,r,2
worse,r,2
worst,r,2
worthily,r,2
worthlessly,r,2
wrathfully,r,2
wretchedly,r,2
wrong,r,2
wrongfully,r,2
wrongheadedly,r,2
wrongly,r,2.2
wryly,r,2
yea,r,2
yeah,r,2
yearly,r,2
yearningly,r,2
yesterday,r,2.2
yet,r,"2,2,2,2,2,2"
yieldingly,r,2
yon,r,2
yonder,r,2
youthfully,r,2
zealously,r,2
zestfully,r,2
zestily,r,2
zigzag,r,2
