Must;m;45;1;0
Shall;m;45;0.9;0
Will;m;45;0.8;0
Ought;m;45;0.7;0
Should;m;45;0.6;0
Do;m;45;0.5;0
Can;m;45;0.4;0
May;m;45;0.3;0
Might;m;45;0.3;0
Could;m;45;0.2;0
Would;m;45;0.1;0
Wouldn't;m;45;0;0.2
Wouldnt;m;45;0;0.2
Would not;m;45;0;0.2
Couldn't;m;45;0;0.4
Couldnt;m;45;0;0.4
Could not;m;45;0;0.4
Don't;m;45;0;0.6
Dont;m;45;0;0.6
Do not;m;45;0;0.6
Shouldn't;m;45;0;0.8
Shouldnt;m;45;0;0.8
Should not;m;45;0;0.8
Can't;m;45;0;0.9
Cant;m;45;0;0.9
Cannot;m;45;0;0.9
Wont;m;45;0;1